label,defaulted_ratio,mean_credit_score_label,mean_credit_score_defaulted
0,0.1508491997454848,699.6989378885028,700.0038935756003
1,0.1622220524184305,698.8046152670589,699.8139425341498
2,0.1566459288860633,699.1813269152173,699.1091462530802
3,0.2727272727272727,693.8181818181819,673.8333333333334
4,0.15264220801077077,699.970492538988,705.4288864388093
