iter	Logloss
0	0.6666814036
1	0.6437139004
2	0.6219444116
3	0.6017564214
4	0.5834576134
5	0.5666123263
6	0.5512156802
7	0.5369542129
8	0.52400637
9	0.5129715352
